;Q;kA;td_log;ttd_u;ttd_l;pr1;pr2;zeta1;zeta2
main condenser;-41093197.06505834;5148003.554008005;7.982356001495963;4.000000000024329;13.99999999999227;1.0;0.98;0.0;3.056044196607592
