;P;eta_s;pr
feed pump;445238.6989458691;0.7500000000030824;3129.8564138764805
