;P;eta_s;pr
feed pump;445238.6989576183;0.749999999984631;3129.856413876781
