;P;eta_s;pr
steam turbine;-27720357.08534372;0.8999999999999841;0.0003550038609390861
