;P;eta_s;pr
steam turbine;-27720357.08534486;0.9000000000000083;0.0003550038609390514
