m_workingfluid,P_boiler,P_condenser,m_coolingfluid,Power_m_workingfluid,Power_P_boiler,Power_P_condenser,Power_m_coolingfluid
10.987154005864861,9.117616688637398,10.987154034572786,10.987154034572832,179.3651900121398,175.9419296276645,179.36519153194124,179.36519153194183
10.987154005864861,9.749914529261995,9.396241582348555,10.987154034572832,358.7303800242796,184.2448827468828,141.2428728811827,179.36519153194183
10.987154005864861,10.266944095025831,8.045742050609265,10.987154034572832,538.0955700364194,189.39721653030458,111.91268159063183,179.36519153194183
10.987154005864861,10.66928767368961,6.859486390586306,10.987154034572832,717.4607600485592,191.23079310479574,88.52591640291212,179.36519153194183
10.987154005864861,10.937903692448993,5.792629061610569,10.987154034572832,896.8259500606989,188.9346144316005,69.44065255048162,179.36519153194183
10.987154005864861,10.987154034572786,4.816087529462342,10.987154034572832,1076.1911400728388,179.36519153194124,53.623999684678274,179.36519153194183
