{
    "electrical power output": {
        "Turbine": -1877661.254466849,
        "Pump": 28872.04300849582
    }
}