{
    "electrical power output": {
        "Turbine": -208237.23302063532,
        "Pump": 28872.04300849553
    }
}