;m;m_unit;v;v_unit;p;p_unit;h;h_unit;T;T_unit;Td_bp;Td_bp_unit;vol;vol_unit;x;x_unit;s;s_unit;water
1;10.0;kg / s;0.24921043284870908;m3 / s;150.0;bar;3583.1317614938675;kJ / kg;599.9999999999236;C;257.8446078081447;C;0.02492104328487091;m3 / kg;-1.0;-;6679.589593773651;J / kgK;1
2;10.0;kg / s;126.96520310581816;m3 / s;0.1;bar;2262.0276219585035;kJ / kg;45.806328923937826;C;0.0;C;12.696520310581816;m3 / kg;0.8654582124510816;-;7139.807296091965;J / kgK;1
3;10.0;kg / s;0.010102711485743453;m3 / s;0.1;bar;191.80594455942554;kJ / kg;45.806328923937826;C;0.0;C;0.0010102711485743452;m3 / kg;0.0;-;649.1956051958255;J / kgK;1
4;10.0;kg / s;0.010038572751804482;m3 / s;166.66666666666666;bar;214.16446662214176;kJ / kg;47.70927067371338;C;-302.9650001147161;C;0.0010038572751804482;m3 / kg;-1.0;-;666.6531449037088;J / kgK;1
0;10.0;kg / s;0.24921043284870908;m3 / s;150.0;bar;3583.1317614938675;kJ / kg;599.9999999999236;C;257.8446078081447;C;0.02492104328487091;m3 / kg;-1.0;-;6679.589593773651;J / kgK;1
11;495.1205275817367;kg / s;0.4960055477351243;m3 / s;1.2;bar;84.02487503151596;kJ / kg;20.00000000000381;C;-84.783549629108;C;0.0010017874842671343;m3 / kg;-1.0;-;296.4589669417241;J / kgK;1
12;495.1205275817367;kg / s;0.497280361245805;m3 / s;1.176;bar;125.83735425774469;kJ / kg;29.99999999998687;C;-74.20171975631706;C;0.0010043622381697994;m3 / kg;-1.0;-;436.72032364276856;J / kgK;1
