;Q;kA;td_log;ttd_u;ttd_l;pr1;pr2;zeta1;zeta2
main condenser;-20702216.77399078;1014842.0111151695;20.399447940908495;15.806328923950957;25.806328923934018;1.0;0.98;0.0;12.041089620751366
