;P;eta_s;pr
feed pump;223585.2206271622;0.7500000000000003;1666.6666666666665
