;P;eta_s;pr
steam turbine;-13211041.395353641;0.8999999999999998;0.0006666666666666666
