;Q;kA;td_log;ttd_u;ttd_l;pr1;pr2;zeta1;zeta2
Condenser;-2636180.963040518;1077932.2536606689;2.445590577782621;0.9006974524298812;5.178089045726949;0.98;1.0;8338.630007108088;0.0
