;Q;kA;td_log;ttd_u;ttd_l;pr1;pr2;zeta1;zeta2
Evaporator;1632499.0977317328;nan;nan;-72.73373097864987;-60.000000000000114;0.98;1.0;292208.75359967625;0.0
