;P;eta_s;pr
Pump;28872.04300849553;0.7499999999999974;4.462426369964896
