;P;eta_s;pr
Pump;28872.04300849582;0.7499999999999899;4.462426369964896
