;P;eta_s;pr
Turbine;-208237.23302063532;0.8999999999999995;0.23333333333333334
