;P;eta_s;pr
Turbine;-1877661.254466849;3.3496584997238115;0.23333333333333334
