{
    "electrical power output": {
        "steam turbine": -27720357.08534372,
        "feed pump": 459008.9679854321
    }
}