{
    "electrical power output": {
        "steam turbine": -27720357.08534486,
        "feed pump": 459008.9679975447
    }
}